,Modelflow,Obsflow,Error,NWM_min,NWM_max,ML_1min,ML_1max
0,232.4368698,396.435858,142.3445189,208.5099953,283.2199937,90.0923509,374.7813887
1,212.9337452,538.020093,141.8321562,196.5499956,233.0999948,71.10158906,354.7659014
2,203.0806205,509.703246,140.8758938,177.089996,250.4899944,62.20472663,343.9565143
3,186.6081208,574.8319941,126.3920301,173.0999961,202.6099955,60.21609071,313.0001509
4,192.8337457,512.5349307,133.5631752,175.2999961,222.889995,59.27057049,326.3969209
5,188.7912458,404.9309121,128.9941621,169.1999962,209.5699953,59.7970837,317.7854079
6,201.8962455,555.0102012,140.2593148,169.1499962,395.5399912,61.63693071,342.1555603
7,253.9849943,770.2182384,142.4373704,173.0899961,625.429986,111.5476239,396.4223647
8,246.9906195,736.238022,142.0073718,181.7999959,449.08999,104.9832477,388.9979913
9,273.6487439,764.554869,143.90908,204.0799954,352.2399921,129.7396639,417.5578239
10,292.7243685,631.4656881,144.6851504,248.5299944,380.4899915,148.0392181,437.4095188
11,329.5231176,555.0102012,145.0422168,247.8899945,527.1399882,184.4809009,474.5653344
12,312.571868,668.2775892,145.0151825,244.5399945,446.30999,167.5566855,457.5870505
13,290.8168685,756.0598149,144.7205609,244.3599945,421.6699906,146.0963076,435.5374294
14,272.9099939,756.0598149,143.8443184,232.9499948,416.7999907,129.0656755,416.7543123
15,261.7499941,705.0894903,142.8625709,233.3699948,352.6699921,118.8874233,404.612565
16,242.8306196,572.0003094,141.8711585,221.899995,322.0599928,100.9594611,384.7017781
17,252.8618693,535.1884083,142.3646575,220.7999951,318.2699929,110.4972118,395.2265269
18,288.5362436,518.1983001,144.7494048,256.8599943,324.7799927,143.7868388,433.2856483
19,273.7006189,478.5547143,143.9136177,241.2399946,333.6399925,129.7870012,417.6142366
20,247.6087445,404.9309121,142.0448112,229.0099949,304.8199932,105.5639332,389.6535557
21,242.5099946,399.2675427,141.8675667,215.6399952,286.5999936,100.6424279,384.3775613
22,225.587495,413.4259662,141.7979246,185.7299958,316.5599929,83.78957032,367.3854196
23,215.6937452,269.293215,142.0394921,192.9699957,322.2199928,73.65425305,357.7332373
24,199.1887455,264.479351,138.8201231,182.8099959,226.9399949,60.36862247,338.0088686
25,216.6674952,302.9902629,142.0775348,189.6499958,264.6699941,74.58996036,358.74503
26,206.7131204,600.3171564,141.4027882,181.2999959,262.0099941,65.31033222,348.1159085
27,199.8668705,656.9508504,139.1806579,180.929996,232.8799948,60.68621267,339.0475284
28,204.2099954,705.0894903,141.2162352,180.719996,238.8099947,62.99376027,345.4262306
29,198.2524956,648.4557963,138.3220726,181.4099959,231.5999948,59.93042294,336.5745682
30,242.9556196,719.2479138,141.8725705,192.1399957,390.3199913,101.0830491,384.8281901
31,207.7449954,637.1290575,141.4737737,189.0499958,222.709995,66.27122164,349.2187691
32,222.54062,591.8221023,141.8722826,192.3499957,239.2299947,80.6683374,364.4129027
33,233.0924948,549.3468318,142.299512,202.6199955,294.8699934,90.79298276,375.3920068
34,234.5724948,521.0299848,142.1853703,203.6499954,371.3399917,92.38712443,376.7578651
35,235.2474947,498.3765072,142.133317,209.8799953,277.4699938,93.11417775,377.3808117
36,216.5856202,433.2477591,142.0792758,190.4899957,244.3199945,74.50634431,358.664896
37,234.8143698,300.1585782,142.1667671,196.1299956,342.5599923,92.64760263,376.9811369
38,206.2824954,197.3684236,141.3733,189.4599958,280.3899937,64.90919543,347.6557953
39,203.0087455,169.0515766,140.8384544,184.5199959,235.1099947,62.1702911,343.8471998
40,202.9649955,174.9981145,140.815711,180.669996,263.4899941,62.14928444,343.7807065
41,237.4262447,196.2357497,141.960994,190.5099957,304.0999932,95.46525069,379.3872387
42,220.5306201,191.1387173,141.9662035,177.039996,296.8299934,78.56441662,362.4968235
43,198.7949956,193.6872335,138.6107719,169.0399962,285.4699936,60.18422366,337.4057675
44,299.6424933,190.8555488,144.7729021,190.3899957,613.9699863,154.8695912,444.4153954
45,381.0612415,154.3268162,145.2794796,171.6499962,825.9899815,235.7817619,526.3407211
46,253.9406193,163.3882072,142.4348068,175.7999961,339.9999924,111.5058125,396.3754261
47,242.1918696,208.6951624,141.8606985,164.3799963,465.8199896,100.3311711,384.052568
48,281.8162437,379.4457498,144.5508015,211.7899953,471.0399895,137.2654422,426.3670452
49,277.9593688,512.5349307,144.254576,175.4899961,463.5399896,133.7047928,422.2139448
50,325.4862427,597.4854717,145.0005138,224.529995,467.4099896,180.4857289,470.4867565
51,318.1024929,591.8221023,145.0936258,242.3699946,516.8799884,173.0088671,463.1961187
52,272.8918689,608.8122105,143.842591,166.2499963,485.6199891,129.0492779,416.7344599
53,231.0431198,693.7627515,142.4117756,171.7499962,296.6199934,88.63134425,373.4548954
54,229.6443699,900.4757346,142.479279,196.7399956,293.9999934,87.16509083,372.1236489
55,258.5418692,999.5846991,142.6492989,200.3199955,347.0199922,115.8925703,401.1911681
56,290.8512435,1098.693664,144.719944,210.7699953,381.8999915,146.1312995,435.5711875
57,339.7374924,1146.832304,145.1825565,233.9599948,495.4299889,194.5549359,484.9200489
58,395.5062412,1107.188718,144.70873,289.0099935,579.2599871,250.7975112,540.2149711
59,434.4193653,1056.218393,144.5304847,330.9099926,543.3999879,289.8888806,578.94985
60,455.0606148,985.4262756,144.9474871,337.7799925,612.8499863,310.1131277,600.0081019
61,413.1368658,934.455951,144.347592,322.0499928,523.6399883,268.7892738,557.4844578
62,365.8437418,903.3074193,145.6498849,309.9799931,484.7599892,220.1938569,511.4936268
63,436.1606153,877.822257,144.5452082,313.659993,948.2899788,291.615407,580.7058235
64,420.5324906,846.6737253,144.4066781,335.5599925,498.6099889,276.1258125,564.9391687
65,468.6299895,775.8816078,144.8896211,299.9499933,763.6399829,323.7403684,613.5196107
66,417.4599907,815.5251936,144.3825364,269.579994,679.5199848,273.0774543,561.8425271
67,345.1468673,733.4063373,145.2963144,280.1599937,429.8899904,199.8505529,490.4431816
68,340.9256174,724.9112832,145.2075893,287.2599936,449.00999,195.7180281,486.1332066
69,292.2481185,741.9013914,144.693979,249.2899944,361.1799919,147.5541394,436.9420975
70,254.3637443,659.7825351,142.4586743,227.1499949,316.3399929,111.90507,396.8224186
71,262.3156191,591.8221023,142.9044384,237.6499947,284.0299937,119.4111808,405.2200575
72,270.8981189,566.33694,143.6579299,232.4399948,312.089993,127.240189,414.5560488
73,312.010618,639.9607422,145.0046128,236.8699947,415.5699907,167.0060052,457.0152308
74,283.9362437,744.7330761,144.6558541,225.329995,446.63999,139.2803895,428.5920978
75,274.1068689,705.0894903,143.9490831,236.3499947,384.3899914,130.1577858,418.055952
76,239.0699947,665.4459045,141.8321973,211.3199953,304.6399932,97.23779735,380.902192
77,224.93562,631.4656881,141.8053001,206.0899954,251.0899944,83.13031986,366.7409201
78,217.4799951,600.3171564,142.0608097,202.0899955,239.1399947,75.41918541,359.5408049
79,166.0918713,535.1884083,105.4273689,159.0299964,170.4299962,60.66450241,271.5192402
80,164.0462463,427.5843897,103.2130802,158.8199965,178.329996,60.83316617,267.2593265
81,160.6968714,416.2576509,99.58285719,151.6999966,180.489996,61.11401422,260.2797286
82,153.2581216,410.5942815,91.68069661,146.0799967,161.3699964,61.57742497,244.9388182
83,163.1824964,396.435858,102.2712055,141.3999968,189.7899958,60.91129087,265.4537018
84,151.7712466,353.9605875,90.05990773,138.6799969,205.1399954,61.71133887,241.8311543
85,145.4299967,280.3367853,83.03466141,133.159997,191.5699957,62.39533534,228.4646582
86,151.7662466,278.6377745,90.05443782,125.5299972,239.8499946,61.71180879,241.8206844
87,157.7849965,259.665487,96.52283549,135.599997,214.6299952,61.26216098,254.307832
88,147.2987467,216.0575426,85.13726234,120.8599973,237.6799947,62.16148436,232.4360091
89,162.4206214,225.1189337,101.4336911,115.8199974,290.6099935,60.98693029,263.8543125
90,121.0193723,256.5506338,54.66394335,105.8699976,142.3199968,66.35542894,175.6833156
91,127.2924972,376.6140651,61.64680123,105.1899976,158.7799965,65.64569592,188.9392984
92,127.0537472,410.5942815,61.41483009,110.1399975,198.5699956,65.63891707,188.4685772
93,171.1462462,283.16847,110.7039481,113.8099975,287.2199936,60.44229803,281.8501943
94,125.2943722,238.4278517,59.50328559,99.42999778,168.7299962,65.79108661,184.7976578
95,138.1443719,214.6417003,73.69085521,98.98999779,231.6199948,64.45351671,211.8352271
96,265.5981191,322.8120558,143.1669945,122.0799973,1064.779976,122.4311246,408.7651135
97,185.5068709,402.0992274,125.1467258,121.1199973,449.31999,60.36014508,310.6535966
98,239.1031197,269.8595519,141.8308949,133.229997,650.9599854,97.27222471,380.9340146
99,224.003745,231.6318085,141.8157738,124.5099972,359.079992,82.18797115,365.8195188
100,223.811245,396.435858,141.8180084,121.8999973,371.2299917,81.99323657,365.6292534
101,192.9518707,634.2973728,133.6768919,131.9799971,420.0399906,59.27497876,326.6287626
102,180.836246,574.8319941,120.4654765,134.469997,284.4199936,60.37076945,301.3017225
103,133.525622,281.1862907,68.10165435,105.9199976,224.839995,65.42396766,201.6272764
104,128.8487471,239.5605256,63.15867841,100.9599977,213.8999952,65.69006871,192.0074255
105,129.4331221,212.093184,63.72644633,102.9099977,287.0499936,65.70667578,193.1595684
106,141.2856218,199.9169398,78.26689422,109.0599976,183.7899959,63.01872762,219.5525161
107,155.9093715,195.6694128,94.52369004,126.4099972,320.5399928,61.38568147,250.4330616
108,131.7143721,190.0060434,66.03763759,118.1399974,201.6399955,65.67673446,197.7520096
109,123.4137472,190.8555488,57.37439066,114.3899974,139.2999969,66.03935658,180.7881379
110,119.3549973,200.2001083,52.81136498,110.8099975,132.079997,66.54363235,172.1663623
111,116.2287474,188.0238641,49.4089216,108.7599976,126.0699972,66.8198258,165.637669
112,109.5231226,226.2516075,42.02071398,105.5599976,116.2199974,67.50240857,151.5438365
113,97.77312281,200.4832768,37.43189469,89.549998,121.4599973,60.34122812,135.2050175
114,133.037497,170.1842505,67.53854066,85.40999809,518.6499884,65.49895637,200.5760377
115,110.6612475,171.0337559,43.32170114,84.60999811,257.4499942,67.33954639,153.9829487
116,107.4012476,236.7288409,41.01566792,82.06999817,277.3899938,66.38557968,148.4169155
117,141.5893718,279.7704484,78.6259827,84.14999812,374.7599916,62.96338913,220.2153545
118,198.1856206,300.1585782,138.2857025,88.03999803,1091.069976,59.8999181,336.471323
119,222.429995,291.6635241,141.8774509,84.07999812,749.3399833,80.55254409,364.307446
120,213.4293702,279.2041114,141.866374,86.58999806,596.3399867,71.56299621,355.2957442
121,170.5468712,226.534776,110.091708,89.01999801,744.2699834,60.45516318,280.6385792
122,139.0918719,199.3506029,75.17532796,85.44999809,338.5399924,63.91654393,214.2671998
123,124.2756222,158.2911747,58.3500582,92.58999793,228.2799949,65.92556402,182.6256804
124,150.2618716,109.019861,88.41124147,103.4999977,298.5699933,61.85063017,238.6731131
125,113.5799975,101.9406492,46.54938474,85.82999808,151.7499966,67.03061272,160.1293822
126,148.0268717,133.9386863,85.95761985,115.4999974,241.3599946,62.06925185,233.9844915
127,101.0581227,132.522844,38.67006347,88.24999803,128.0699971,62.38805928,139.7281862
128,89.263123,128.5584854,34.2252031,87.00999806,90.81999797,55.03791991,123.4883261
129,92.24812294,127.142643,35.34999102,83.50999813,184.1399959,56.89813191,127.598114
130,83.02999814,125.7268007,32.33443469,80.5799982,89.259998,50.69556346,115.3644328
131,78.84937324,88.06539417,31.11439615,76.50999829,93.39999791,47.73497708,109.9637694
132,60.79437364,118.6475889,25.28995112,59.56999867,62.24999861,35.50442253,86.08432476
133,58.66562369,115.5327358,24.58034232,56.91999873,67.0599985,34.08528137,83.24596601
134,55.87999875,75.03964455,23.61550495,52.67999882,70.42999843,32.2644938,79.4955037
135,87.01937305,95.99411133,33.49649072,49.53999889,272.5099939,53.52288234,120.5158638
136,62.15499861,95.99411133,25.74886218,47.05999895,140.3199969,36.40613643,87.90386079
137,67.0081235,108.453524,27.366767,44.779999,155.6599965,39.6413565,94.37489051
138,44.96499899,130.2574962,19.61715408,38.65999914,60.79999864,25.34784492,64.58215307
139,58.60749869,146.6812675,24.56033051,37.83999915,144.2599968,34.04716818,83.1678292
140,127.3187472,169.3347451,61.67231381,36.17999919,457.1199898,65.64643334,188.991061
141,49.71499889,186.8911902,21.38202697,33.78999924,109.0199976,28.33297192,71.09702586
142,94.0699979,172.1664298,36.03650346,34.81999922,285.7799936,58.03349443,130.1065014
143,88.41499802,158.2911747,33.90559673,33.75999925,302.1599932,54.50940129,122.3205948
144,101.0374977,149.5129522,38.66225615,57.80999871,331.5999926,62.37524159,139.6997539
145,77.84687326,98.82579603,30.80649734,45.21999899,126.8999972,47.04037592,108.6533706
146,79.07124823,91.74658428,31.17998034,49.94999888,149.3099967,47.8912679,110.2512286
147,55.89624875,127.142643,23.62117365,40.1099991,80.89999819,32.2750751,79.5174224
148,97.08999783,124.8772953,37.17450351,43.94999902,499.5999888,59.91549432,134.2645013
149,46.70749896,138.7525503,20.2643986,45.25999899,49.52999889,26.44310035,66.97189756
150,52.04624884,127.70898,22.24663906,45.50999898,67.70999849,29.79960978,74.29288789
151,55.08874877,82.68519324,23.33717316,45.96999897,93.37999791,31.7515756,78.42592193
152,69.63687344,142.1505719,28.21959957,44.719999,189.1299958,41.41727387,97.85647302
153,114.1899974,136.4872025,47.20600456,45.43999898,582.449987,66.98399289,161.396002
154,51.40062385,131.956507,22.00724103,42.22999906,74.94999832,29.39338283,73.40786488
155,118.6649973,68.24360127,52.05732852,115.3299974,123.8099972,66.60766883,170.7223259
156,125.3112472,93.72876357,59.52238232,112.9599975,132.919997,65.78886488,184.8336295
157,135.834372,92.59608969,70.76951444,123.4399972,171.2499962,65.06485752,206.6038864
158,127.7756221,91.74658428,62.11615175,118.9499973,182.1199959,65.65947039,189.8917739
159,117.6693724,85.80004641,50.97040504,115.7399974,120.1699973,66.69896733,168.6397774
160,112.4206225,84.38420406,45.30147225,110.0799975,116.0499974,67.11915024,157.7220947
161,106.9081226,61.73072646,40.83848163,105.0999977,109.0899976,66.06964098,147.7466042
162,106.6812476,59.74854717,40.7563746,104.2299977,109.0899976,65.92487302,147.4376222
163,100.5043728,86.64955182,38.46110642,98.4499978,102.8599977,62.04326633,138.9654792
164,97.68624782,85.80004641,37.39919513,95.77999786,99.65999777,60.28705268,135.085443
165,93.06874792,86.08321488,35.65922305,90.97999797,98.86999779,57.40952487,128.727971
166,89.11249801,102.7901546,34.16843042,87.53999804,90.64999797,54.94406759,123.2809284
167,86.12562307,98.25945909,33.23621035,84.7899981,87.92999803,52.88941273,119.3618334
168,83.23374814,72.20795985,32.39362359,82.10999816,84.26999812,50.84012455,115.6273717
169,82.66374815,72.20795985,32.22803861,81.45999818,84.00999812,50.43570954,114.8917868
170,83.47124813,95.71094286,32.46264532,82.00999817,85.0599981,51.00860281,115.9338935
171,80.04624821,93.16242663,31.46763086,78.94999824,81.42999818,48.57861735,111.5138791
172,85.32124809,97.97629062,33.00163105,80.88999819,97.20999783,52.31961704,118.3228791
173,150.8749966,130.5406647,89.08090204,79.84999822,439.8799902,61.79409459,239.9558987
174,207.7056204,116.3822412,141.4710319,77.60999827,437.8799902,66.23458845,349.1766523
175,106.8437476,102.5069861,40.81517622,85.98999808,296.3699934,66.02857139,147.6589238
176,89.484373,132.522844,34.30854738,87.81999804,91.14999796,55.17582562,123.7929204
177,83.63062313,146.398099,32.50894427,81.85999817,85.85999808,51.12167886,116.1395674
178,80.11249821,126.2931376,31.48687497,78.73999824,81.44999818,48.62562324,111.5993732
179,79.79624822,116.0990727,31.39430791,76.32999829,87.35999805,48.40194031,111.1905561
180,82.80999815,66.54459045,32.27051958,80.23999821,85.0799981,50.53947856,115.0805177
181,83.38624814,62.58023187,32.43793473,81.96999817,90.26999798,50.94831341,115.8241829
182,95.02437288,85.23370947,36.3961266,86.13999807,119.2899973,58.62824628,131.4204995
183,94.68312288,92.59608969,36.26753896,91.44999796,100.5499978,58.41558392,130.9506618
184,98.17124781,92.02975275,37.58194387,89.419998,105.9099976,60.58930394,135.7531917
185,96.38374785,106.4713447,36.90837279,92.20999794,109.8399975,59.47537506,133.2921206
186,89.10687301,75.32281302,34.16630551,87.17999805,91.32999796,54.9405675,123.2731785
187,84.71687311,73.6238022,32.82537699,83.14999814,86.22999807,51.89149612,117.5422501
188,81.48374818,98.54262756,31.8852365,80.08999821,83.39999814,49.59851168,113.3689847
189,79.71249822,105.3386708,31.36959389,76.95999828,101.7899977,48.34290433,111.0820921
190,78.76374824,91.74658428,31.08908921,74.47999834,118.8699973,47.67465902,109.8528375
191,75.25312332,88.91489958,29.99245629,73.15999836,81.05999819,45.26066703,105.2455796
192,84.45937311,86.08321488,32.75030956,76.42999829,140.5099969,51.70906356,117.2096827
193,79.05374823,52.66933542,31.17480516,75.8799983,87.51999804,47.87894307,110.2285534
194,93.9374979,50.40398766,35.98659217,84.56999811,137.2899969,57.95090573,129.9240901
195,83.47749813,79.57034007,32.46444464,80.10999821,92.40999793,51.0130535,115.9419428
196,83.35374814,81.83568783,32.42848232,78.84999824,100.5299978,50.92526581,115.7822305
197,95.93437286,83.81786712,36.73901439,92.70999793,101.5399977,59.19535847,132.6733872
198,89.506873,86.08321488,34.317047,86.01999808,97.73999782,55.189826,123.82392
199,82.36062316,82.96836171,32.13996127,72.24999839,96.18999785,50.22066189,114.5005844
200,73.93249835,51.53666154,29.57777753,70.95999841,78.64999824,44.35472081,103.5102759
201,69.83312344,78.72083466,28.28215748,68.62999847,71.10999841,41.55096596,98.11528092
202,71.7149984,79.00400313,28.88149053,69.25999845,88.77999802,42.83350787,100.5964889
203,64.77249855,80.98618242,26.63170047,63.49999858,70.49999842,38.14079808,91.40419902
204,141.1418718,83.81786712,78.09690863,63.97999857,176.979996,63.04496322,219.2387805
205,157.2962465,50.40398766,96.00810111,146.8099967,175.4899961,61.28814538,253.3043476
206,149.1293717,48.42180837,87.16890514,140.6499969,168.9299962,61.96046653,236.2982768
207,181.053746,74.19013914,120.6830943,143.1399968,298.3799933,60.37065169,301.7368402
208,173.2174961,77.87132925,112.8104356,137.1199969,265.0299941,60.40706054,286.0279317
209,133.172497,77.30499231,67.69427568,129.6899971,142.4899968,65.47822135,200.8667727
210,125.3481222,73.34063373,59.56413329,123.1399972,127.1899972,65.78398891,184.9122555
211,117.3068724,73.05746526,50.57747915,71.20999841,138.1899969,66.72939322,167.8843515
212,83.55312313,47.28913449,32.48639971,71.03999841,114.1599974,51.06672342,116.0395228
213,87.44187305,40.77625968,33.61943021,71.12999841,108.0599976,53.82244283,121.0613033
214,97.48624782,63.99607422,37.32382268,95.08999787,99.95999777,60.16242514,134.8100705
215,91.11937296,67.39409586,34.92465347,88.86999801,93.43999791,56.19471949,126.0440264
216,72.03187339,39.6435858,28.98096696,70.58999842,73.42999836,43.05090643,101.0128403
217,68.24062347,39.07724886,27.76892766,66.87999851,69.63999844,40.47169581,96.00955114
218,65.09437355,66.26142198,26.74025744,63.48999858,67.0599985,38.3541161,91.83463099
219,62.29749861,75.60598149,25.79696387,61.01999864,65.31999854,36.50053474,88.09446248
220,60.04624866,68.52676974,25.04534192,58.74999869,63.08999859,35.00090673,85.09159058
221,57.13562372,66.26142198,24.05364677,56.07999875,58.2599987,33.08197695,81.1892705
222,71.3974984,65.1287481,28.78085569,58.59999869,78.77999824,42.61664272,100.1783541
223,76.2168733,35.11289028,30.29498458,64.89999855,135.319997,45.92188872,106.5118579
224,61.05374864,32.84754252,25.37746981,58.87999868,63.57999858,35.67627883,86.43121844
225,58.67999869,55.50102012,24.58529815,57.17999872,63.06999859,34.09470054,83.26529684
226,56.89499873,49.83765072,23.97084229,55.11999877,59.02999868,32.92415644,80.86584102
227,54.25249879,55.50102012,23.0420135,52.67999882,58.3199987,31.21048529,77.29451228
228,52.56187383,60.31488411,22.43790627,51.55999885,54.91999877,30.12396756,74.99978009
229,63.51999858,56.35052553,26.20926924,50.68999887,74.03999835,37.31072934,89.72926782
230,51.82562384,33.13071099,22.16483362,49.48999889,71.90999839,29.66079022,73.99045746
231,60.57687365,37.09506957,25.21660075,47.35999894,77.77999826,35.3602729,85.79347439
232,47.72937393,55.50102012,20.64400613,45.42999898,61.00999864,27.0853678,68.37338007
233,44.691249,56.35052553,19.51547563,43.80999902,49.44999889,25.17577337,64.20672463
234,43.19499903,50.9703246,18.95649865,42.43999905,44.719999,24.23850038,62.15149769
235,42.10062406,50.40398766,18.53896156,41.86999906,42.57999905,23.5616625,60.63958562
236,41.44437407,49.27131378,18.28833237,41.04999908,41.83999906,23.1560417,59.73270645
237,40.64249909,30.01585782,17.98210606,40.2999991,40.93999908,22.66039303,58.62460515
238,39.76874911,28.88318394,17.63218552,39.18999912,40.4099991,22.13656359,57.40093463
239,58.2574987,49.55448225,24.4398535,43.28999903,116.3699974,33.81764519,82.6973522
240,52.74249882,51.53666154,22.50496931,50.07999888,55.33999876,30.23752951,75.24746813
241,47.25999894,50.9703246,20.46966106,45.44999898,51.32999885,26.79033789,67.72966
242,47.29249894,50.12081919,20.48171647,42.95999904,72.09999839,26.81078247,67.77421541
243,43.23374903,30.86536323,18.97126332,41.21999908,55.35999876,24.26248571,62.20501235
244,44.06187402,30.58219476,19.28168975,39.58999912,79.68999822,24.78018427,63.34356376
245,40.1299991,32.84754252,17.78634399,38.98999913,52.19999883,22.34365511,57.91634309
246,38.30124914,50.12081919,16.97286159,37.78999916,39.17999912,21.32838756,55.27411073
247,38.11187415,53.8020093,16.88778311,37.58999916,41.59999907,21.22409104,54.99965726
248,38.57062414,52.38616695,17.09391095,37.79999916,42.28999905,21.47671319,55.66453509
249,41.51374907,46.15646061,18.31483543,37.34999917,59.84999866,23.19891364,59.8285845
250,40.4718741,43.32477591,17.91695714,36.60999918,61.88999862,22.55491696,58.38883124
251,38.90874913,45.3069552,17.24579886,36.36999919,52.88999882,21.66295027,56.15454799
252,42.80749904,64.56241116,18.80868748,37.46999916,57.24999872,23.99881156,61.61618652
253,46.83937395,72.77429679,20.31339481,37.57999916,77.51999827,26.52597914,67.15276877
254,53.00312382,393.6041733,22.60173991,45.87999897,64.89999855,30.4013839,75.60486373
255,51.60624885,356.7922722,22.08348744,46.83999895,59.89999866,29.52276141,73.68973628
256,57.9612487,267.0278672,24.33784261,46.93999895,71.5499984,33.62340609,82.29909132
257,59.99312366,201.8991191,25.02835982,45.60999898,85.1699981,34.96476384,85.02148347
258,86.12374807,168.2020712,33.23567569,75.55999831,116.3699974,52.88807238,119.3594238
259,118.0262474,154.6099846,51.35932446,75.00999832,330.6399926,66.66692291,169.3855718
260,93.55124791,133.6555178,35.84102929,78.10999825,138.5199969,57.71021862,129.3922772
261,78.18249825,107.8871871,30.91183782,75.29999832,88.02999803,47.27066044,109.0943361
262,83.11437314,97.97629062,32.35894993,73.56999836,97.11999783,50.75542321,115.4733231
263,148.8631217,67.11092739,86.87637419,134.599997,166.8799963,61.98674749,235.7394959
264,154.8199965,62.2970634,93.35551292,150.9599966,174.5899961,61.46448362,248.1755095
265,147.9299967,75.03964455,85.84977746,145.5999967,150.0299966,62.08021923,233.7797742
266,144.0506218,139.8852242,81.48404926,137.4699969,160.3299964,62.56657252,225.534671
267,136.184372,159.7070171,71.17043614,131.1999971,140.2099969,65.01393581,207.3548081
268,128.7393721,120.9129367,63.05244684,125.3399972,133.209997,65.68692528,191.791819
269,130.7168721,95.71094286,64.9736014,120.2899973,147.1699967,65.74327068,195.6904735
270,121.0431223,73.05746526,54.69081655,114.0099975,131.6399971,66.35230574,175.7339388
271,120.2606223,82.68519324,53.80394951,114.0899974,132.579997,66.45667281,174.0645718
272,112.6106225,111.0020402,45.50598413,110.1299975,115.0299974,67.10463836,158.1166066
273,110.1662475,95.42777439,42.76242256,106.7699976,114.3899974,67.40382498,152.9286701
274,106.4968726,108.1703555,40.68960115,103.2299977,109.7699975,65.80727147,147.1864738
275,108.8168726,114.4000619,41.52614564,102.8099977,113.9599975,67.29072693,150.3430182
276,111.6731225,75.60598149,44.46488664,108.6699976,118.2599974,67.20823587,156.1380091
277,115.6324974,118.3644205,48.76261443,108.6999976,120.3199973,66.86988299,164.3951118
278,118.4737474,159.7070171,51.84832692,112.0599975,142.1399968,66.62542043,170.3220743
279,117.5574974,135.3545287,50.84910721,109.9799975,130.2099971,66.70839017,168.4066046
280,114.2131224,136.770371,47.23085225,108.3999976,124.6599972,66.9822702,161.4439747
281,117.8049974,141.8674035,51.11754104,107.9299976,138.2699969,66.68745632,168.9225384
282,124.5099972,106.7545132,58.6153698,110.9899975,145.7599967,65.89462742,183.125367
283,117.5131224,90.6139104,50.80104321,105.4299976,142.7499968,66.71207916,168.3141656
284,117.6231224,136.2040341,50.92024013,103.4899977,140.2899969,66.70288224,168.5433625
285,125.2293722,207.845657,59.42970216,110.5899975,156.5799965,65.79967004,184.6590744
286,132.290622,186.8911902,66.67704225,123.3499972,157.1999965,65.6135798,198.9676643
287,122.8662473,176.9802938,56.75461054,119.4099973,128.3199971,66.11163672,179.6208578
288,118.3118724,142.7169089,51.67144567,114.7299974,128.0799971,66.64042669,169.983318
289,118.3087474,130.2574962,51.66804582,113.4999975,125.8099972,66.64070154,169.9767932
290,119.2512473,104.205997,52.69797385,115.2099974,129.0099971,66.55327349,171.9492212
291,119.1181223,96.56044827,52.55255833,112.8399975,133.239997,66.565564,171.6706807
292,114.5443724,165.3703865,47.58743882,110.2199975,125.2399972,66.95693362,162.1318113
293,130.2256221,190.5723803,64.49636817,116.6599974,145.9499967,65.72925392,194.7219903
294,135.283747,225.9684391,70.13287902,127.0399972,149.4399967,65.15086796,205.416626
295,135.478122,208.4119939,70.35758436,127.4999972,148.0299967,65.12053761,205.8357063
296,139.4212469,138.4693818,75.67242563,126.8499972,165.9999963,63.74882126,215.0936725
297,131.6099971,130.5406647,65.92603207,124.0199972,144.8099968,65.68396499,197.5360291
298,124.7949972,262.7803402,58.93795788,117.1599974,134.669997,65.85703933,183.7329551
299,121.4024973,526.6933542,55.09761602,114.4999974,133.359997,66.30488127,176.5001133
300,123.7181222,492.7131378,57.71895438,115.9499974,134.949997,65.99916785,181.4370766
301,127.4787472,419.0893356,61.82771981,116.5399974,143.0299968,65.65102734,189.306467
302,134.147497,257.1169708,68.81910473,126.1999972,140.1599969,65.32839227,202.9666017
303,137.9268719,246.6397374,73.35784823,127.5299971,161.2199964,64.56902369,211.2847201
304,140.5312469,509.703246,77.28085577,134.909997,153.1299966,63.25039108,217.8121026
305,135.309997,665.4459045,70.16320348,127.1299972,148.3699967,65.1467935,205.4732005
306,131.1493721,611.6438952,65.43349266,127.3599972,137.1299969,65.71587941,196.5828647
307,126.6199972,464.3962908,60.99346131,123.4699972,133.579997,65.62653586,187.6134585
308,165.1293713,356.7922722,104.3941712,124.6799972,230.9399948,60.73520007,269.5235425
309,212.1799953,281.1862907,141.7800891,178.039996,246.1099945,70.39990612,353.9600844
310,227.7212449,240.1268626,142.20433,184.4299959,261.0999942,85.51691494,369.9255749
311,230.1999949,214.6417003,142.4524915,195.6699956,252.7299944,87.74750333,372.6524864
312,229.0399949,162.2555333,142.5084382,198.7999956,261.1999942,86.53155665,371.5484331
313,250.5506194,168.7684081,142.2230977,213.8199952,289.6599935,108.3275217,392.7737171
314,262.5974941,156.025827,142.9253173,230.7699948,285.8799936,119.6721768,405.5228114
315,278.5687438,351.1289028,144.3052036,238.8999947,308.4499931,134.2635402,422.8739473
316,263.9437441,484.2180837,143.0251604,246.5599945,292.0899935,120.9185837,406.9689045
317,263.3712441,441.7428132,142.9826075,245.7199945,283.5199937,120.3886366,406.3538516
318,258.4299942,413.4259662,142.6462418,226.0699949,298.4099933,115.7837524,401.076236
319,256.4506193,407.7625968,142.5762707,229.8699949,277.3699938,113.8743486,399.02689
320,244.5224945,325.6437405,141.8972743,218.6499951,294.8799934,102.6252203,386.4197688
321,227.5718699,348.2972181,142.1678227,195.8799956,261.8399941,85.40404719,369.7396926
322,225.896245,319.9803711,141.7944014,204.4099954,264.9399941,84.10184354,367.6906464
323,224.932495,204.7308038,141.805355,212.3699953,238.7899947,83.12714002,366.7378499
324,257.4812442,256.8338023,142.6204824,226.2699949,300.9699933,114.8607618,400.1017267
325,318.3324929,288.8318394,145.0964087,282.4899937,390.3399913,173.2360842,463.4289016
326,368.1362418,351.1289028,145.6225765,314.339993,456.2199898,222.5136653,513.7588182
327,412.4518658,586.1587329,144.3419987,353.4599921,491.999989,268.1098671,556.7938645
328,381.3787415,608.8122105,145.2683342,313.089993,453.1299899,236.1104073,526.6470756
329,388.2656163,622.970634,145.0221056,276.6499938,488.7799891,243.2435107,533.2877219
330,399.0899911,529.5250389,144.5507193,316.9999929,577.4099871,254.5392718,543.6407103
331,380.1031165,387.9408039,145.3132313,275.3599938,544.8999878,234.7898852,525.4163479
332,417.4299907,311.485317,144.3823171,287.2099936,527.8299882,273.0476736,561.8123077
333,422.5781156,241.2595364,144.4116819,306.7799931,564.3399874,278.1664337,566.9897974
334,451.3562399,222.5704174,144.9295831,364.1499919,537.559988,306.4266568,596.285823
335,407.7493659,198.7842659,144.1238737,366.8799918,442.6499901,263.6254922,551.8732396
336,382.3118665,231.34864,145.2355009,353.0599921,417.8299907,237.0763655,527.5473674
337,339.8174924,336.9704793,145.1842701,315.4999929,367.6099918,194.6332223,485.0017625
338,328.4137427,339.802164,145.0303036,309.8699931,352.0299921,183.3834391,473.4440463
339,318.0781179,278.6377745,145.0933379,296.8499934,356.459992,172.98478,463.1714558
340,317.3649929,244.6575581,145.0849617,300.8199933,348.5799922,172.2800313,462.4499546
341,297.1124934,291.6635241,144.7270179,283.9999937,314.539993,152.3854755,441.8395112
342,293.8131184,270.4258889,144.6875221,277.9999938,317.9899929,149.1255964,438.5006405
343,286.4274936,231.34864,144.7608519,267.509994,306.6299931,141.6666417,431.1883455
344,285.9406186,192.2713911,144.7423583,263.1699941,304.3299932,141.1982603,430.6829769
345,276.7824938,145.2654251,144.1569263,259.5399942,304.6599932,132.6255675,420.9394201
346,314.420618,427.5843897,145.0481802,277.4599938,354.9299921,169.3724377,459.4687982
347,290.0668685,897.6440499,144.734503,268.389994,337.5799925,145.3323655,434.8013715
348,279.0774938,889.1489958,144.3474275,263.4999941,310.0699931,134.7300663,423.4249212
349,289.4524935,804.1984548,144.7416317,252.9599943,365.0299918,144.7108618,434.1941253
350,343.6593673,773.0499231,145.2650028,248.7799944,572.4599872,198.3943645,488.9243702
351,384.8837414,931.6242663,145.14498,285.0499936,475.2099894,239.7387614,530.0287214
352,441.8731151,979.7629062,144.6656561,243.0599946,765.4199829,297.207459,586.5387712
353,501.6768638,962.772798,144.7281969,330.7099926,717.979984,356.9486669,646.4050606
354,442.1462401,999.5846991,144.6730453,319.3399929,678.4199848,297.4731948,586.8192854
355,513.7362385,925.9608969,144.5589447,416.5499907,621.0099861,369.1772938,658.2951832
356,719.9593589,889.1489958,142.0864731,401.509991,1494.409967,577.8728858,862.045832
357,948.8706038,869.3272029,163.629849,621.5399861,1488.789967,785.2407548,1112.500453
358,788.2768574,829.6836171,144.9853516,590.9999868,988.5599779,643.2915058,933.2622089
359,774.2137327,880.6539417,143.7736207,619.6199862,923.1199794,630.440112,917.9873534
360,654.1799854,812.6935089,143.2439435,578.9999871,756.3299831,510.9360419,797.4239288
361,677.6993599,894.8123652,143.2087386,585.5499869,868.0799806,534.4906213,820.9080984
362,695.0537345,869.3272029,142.7961367,534.0499881,1042.399977,552.2575977,837.8498712
363,726.4343588,801.3667701,141.9057053,570.6799872,1026.279977,584.5286534,868.3400641
364,663.5812352,699.4261209,143.2638353,555.7299876,1012.309977,520.3173999,806.8450705
365,736.8174835,722.0795985,141.8757647,534.4899881,899.0299799,594.9417188,878.6932483
366,705.2812342,736.238022,142.505573,572.4499872,970.9999783,562.7756612,847.7868073
367,574.4593622,716.4162291,142.7355427,496.9499889,696.5199844,431.7238195,717.1949048
368,480.2406143,665.4459045,144.8673165,429.3899904,589.9899868,335.3732978,625.1079308
369,562.8668624,611.6438952,142.9304171,513.0799885,641.8899857,419.9364454,705.7972795
370,524.3974883,569.1686247,144.3367481,491.099989,615.6999862,380.0607402,668.7342364
371,487.4824891,642.7924269,144.9392343,474.7899894,507.7899887,342.5432548,632.4217234
372,474.0474894,710.7528597,144.8673576,437.3299902,503.4299887,329.1801318,618.914847
373,469.6581145,690.9310668,144.8853439,440.9299901,542.1099879,324.7727706,614.5434584
374,437.4574902,798.5350854,144.5596302,73.97999835,495.9699889,292.8978601,582.0171204
375,514.6643635,484.2180837,144.5391488,437.0799902,639.5799857,370.1252147,659.2035123
376,458.9812397,484.2180837,144.9308443,422.0699906,506.7799887,314.0503954,603.912084
377,459.4856147,484.2180837,144.9283904,423.8499905,486.7999891,314.5572243,604.4140051
378,497.7662389,464.3962908,144.794302,432.9299903,691.7999845,352.9719369,642.5605409
379,495.1981139,467.2279755,144.8464102,463.5299896,529.0299882,350.3517038,640.0445241
380,456.8787398,478.5547143,144.9413866,417.1099907,523.0699883,311.9373532,601.8201264
381,421.7487406,521.0299848,144.4095159,384.0699914,480.4499893,277.3392247,566.1582564
382,412.1956158,574.8319941,144.339956,370.2199917,506.8299887,267.8556597,556.5355718
383,473.1037394,597.4854717,144.8712373,356.639992,807.9799819,328.2325021,617.9749767
384,462.4618647,492.7131378,144.9148184,355.5399921,757.6599831,317.5470463,607.3766831
385,405.7162409,348.2972181,144.2318875,372.1999917,505.4499887,261.4843535,549.9481284
386,424.8337405,294.4952088,144.4174397,361.1399919,531.5999881,280.4163008,569.2511802
387,383.3574914,450.2378673,145.1986647,361.4699919,412.1299908,238.1588268,528.5561561
388,385.8218664,753.2281302,145.1119822,360.059992,454.3999898,240.7098841,530.9338486
389,422.7481156,866.4955182,144.412052,342.0099924,575.7199871,278.3360635,567.1601676
390,431.6924904,781.5449772,144.4942105,346.5999923,569.2899873,287.1982799,576.1867008
391,407.2168659,733.4063373,144.1522378,335.1099925,523.7299883,263.0646281,551.3691037
392,443.5481151,699.4261209,144.7111702,364.7999918,617.4299862,298.8369449,588.2592853
393,437.5437402,622.970634,144.5616728,343.2299923,617.3099862,292.9820674,582.105413
394,445.160615,458.7329214,144.7549844,351.4699921,686.9099846,300.4056307,589.9155994
395,393.7031162,447.4061826,144.7869539,325.9999927,478.1699893,248.9161623,538.4900701
396,427.6056154,540.8517777,144.4377428,341.8899924,567.9899873,283.1678726,572.0433583
397,514.5143635,501.2081919,144.5423567,393.5199912,1026.019977,369.9720068,659.0567202
398,445.1137401,421.9210203,144.7537094,386.4299914,630.8599859,300.3600306,589.8674495
399,419.9293656,413.4259662,144.4025379,366.2799918,478.9299893,275.5268277,564.3319036
400,393.5412412,353.9605875,144.7939044,374.2899916,434.2099903,248.7473368,538.3351456
401,396.8524911,175.8476199,144.6503705,347.1399922,669.079985,252.2021207,541.5028616
402,386.3962414,184.6258424,145.0917888,316.3499929,693.1899845,241.3044526,531.4880301
403,360.6287419,182.3604947,145.5666435,306.3199932,553.2099876,215.0620985,506.1953854
404,401.323741,194.2535704,144.4448441,313.239993,901.6299798,256.8788969,545.7685852
405,332.7424926,173.0159352,145.0764072,274.3799939,580.079987,187.6660854,477.8188998
406,342.0531174,515.3666154,145.2312785,275.9099938,466.0199896,196.8218388,487.2843959
407,350.9268672,804.1984548,145.400942,259.5899942,836.4999813,205.5259252,496.3278091
408,301.3781183,815.5251936,144.8039395,245.5899945,412.7299908,156.5741788,446.1820577
409,412.8387408,781.5449772,144.3450969,252.4199944,776.1499827,268.4936438,557.1838377
410,375.0274916,690.9310668,145.4923403,225.349995,813.1399818,229.5351513,520.5198319
411,373.1068667,611.6438952,145.5622429,243.8399945,592.9099867,227.5446238,518.6691095
412,393.0643662,356.7922722,144.8146051,301.7699933,483.8299892,248.2497611,537.8789713
413,303.0443682,345.4655334,144.8355663,220.2199951,400.469991,158.2088019,447.8799345
414,236.0274947,504.0398766,142.0728874,204.2299954,443.6899901,93.9546073,378.1003821
415,222.316245,512.5349307,141.8827975,192.1499957,393.7599912,80.43344755,364.1990425
416,291.4068685,376.6140651,144.7096074,228.0999949,361.8599919,146.6972611,436.1164758
417,340.4118674,492.7131378,145.1968139,269.589994,459.5399897,195.2150535,485.6086813
418,403.605616,407.7625968,144.3365836,251.0699944,811.2399819,259.2690324,547.9421996
419,363.3437419,353.9605875,145.6226176,267.139994,746.5199833,217.7211243,508.9663595
420,318.0787429,345.4655334,145.0933379,246.5999945,471.6499895,172.985405,463.1720808
421,386.2774914,390.7724886,145.09597,263.6399941,567.4299873,241.1815213,531.3734614
422,485.5868641,288.8318394,144.9032617,272.3399939,1049.699977,340.6836025,630.4901258
423,642.8812356,291.6635241,143.2395566,353.6699921,1292.179971,499.6416791,786.1207922
424,446.469365,300.1585782,144.7922593,365.1999918,554.8099876,301.6771057,591.2616244
425,295.3187434,176.1307883,144.701286,282.5299937,310.9099931,150.6174574,440.0200294
426,323.9468678,195.9525812,145.0004727,290.4699935,382.3799915,178.9463951,468.9473404
427,303.5587432,143.0000774,144.8452997,269.609994,449.53999,158.7134435,448.4040429
428,289.3199935,247.2060743,144.7427285,262.1399941,363.8499919,144.5772651,434.062722
429,324.5837427,362.4556416,144.9930149,256.9099943,513.8499885,179.5907278,469.5767577
430,311.076868,325.6437405,144.9870104,246.9099945,485.1499892,166.0898577,456.0638784
431,264.2256191,259.09915,143.0461353,230.7799948,380.2599915,121.1794838,407.2717544
432,243.1768696,241.5427049,141.874997,232.7999948,272.2299939,101.3018725,385.0518666
433,232.2187448,225.1189337,142.3550886,226.3699949,243.5599946,89.86365622,374.5738334
434,220.5687451,209.5446678,141.9643939,213.0699952,237.2399947,78.60435122,362.5331389
435,214.8006202,171.6000928,141.9705355,202.9299955,267.679994,72.83008468,356.7711557
436,239.1587447,165.9367234,141.8288112,197.5199956,336.1299925,97.32993349,380.9875558
437,219.3706201,163.9545441,142.0203406,193.3599957,391.3799913,77.35027953,361.3909607
438,206.8281204,161.4060279,141.4107257,197.8699956,217.4099951,65.41739466,348.2388461
439,195.8481206,158.8575117,136.4651519,189.9799958,202.2599955,59.38296872,332.3132725
440,187.5124958,166.2198919,127.4699879,181.7999959,193.7199957,60.04250794,314.9824837
441,204.7606204,182.3604947,141.257897,182.7699959,348.2099922,63.5027234,346.0185174
442,179.795621,214.6417003,119.4245058,173.3299961,195.3599956,60.37111515,299.2201268
443,173.0987461,251.1704329,112.6897067,164.9999963,219.9999951,60.40903945,285.7884528
444,160.1349964,239.8436941,98.98283869,156.5499965,163.6099963,61.15215773,259.1178351
445,154.1599966,229.6496292,92.64785081,148.6299967,175.0399961,61.51214574,246.8078474
446,147.0993717,254.0021176,84.91213202,142.3999968,158.9399964,62.18723969,232.0115037
447,143.5662468,210.6773417,80.9388122,135.129997,174.3099961,62.62743459,224.505059
448,138.2868719,171.0337559,73.91005635,130.0599971,163.4299963,64.37681556,212.1969283
449,136.343747,156.3089954,71.34990156,127.5099971,157.0699965,64.9938454,207.6936485
450,141.2868718,151.211963,78.26831996,126.2299972,191.0099957,63.01855188,219.5551918
451,146.7474967,145.2654251,84.51476783,134.849997,188.3599958,62.23272889,231.2622645
452,147.4743717,141.0178981,85.33559144,71.81999839,299.4999933,62.13878027,232.8099631
453,109.1893726,138.7525503,41.66172832,71.81999839,161.4999964,67.52764424,150.8511009
454,167.7487463,129.1248223,107.20355,128.5999971,299.3199933,60.54519621,274.9522963
455,181.5412459,131.3901701,121.1707121,139.4799969,304.4599932,60.37053383,302.7119581
456,142.8887468,142.7169089,80.15913635,130.6399971,200.4699955,62.72961045,223.0478832
457,167.5856213,145.5485936,107.0286703,125.1899972,294.9799934,60.55695094,274.6142916
458,139.3706219,143.8495828,75.59904784,121.8099973,257.9299942,63.77157405,214.9696697
459,120.0412473,137.9030449,53.56135726,71.5099984,136.129997,66.47989006,173.6026046
460,96.44124784,137.6198764,36.9300434,71.17999841,122.2699973,59.51120445,133.3712912
461,127.4106222,127.9921484,61.76153928,117.8699974,240.8999946,65.64908287,189.1721614
462,118.8587473,127.9921484,52.26904795,112.8799975,146.4099967,66.5896994,171.1277953
463,152.2887466,154.3268162,90.62518746,108.8099976,347.8899922,61.66355914,242.9139341
464,152.8418716,169.901082,91.22936666,106.1099976,277.6399938,61.61250492,244.0712382
465,117.8237474,171.8832613,51.13801211,102.8699977,184.7999959,66.68573526,168.9617595
466,112.5162475,164.2377126,45.40439308,99.54999777,150.0999966,67.11185441,157.9206406
467,130.0956221,146.398099,64.37008023,96.82999784,404.019991,65.72554186,194.4657023
468,111.0524975,138.1862134,43.76370549,95.29999787,219.1499951,67.28879203,154.816203
469,133.944372,136.2040341,68.58463168,97.12999783,259.2199942,65.35974032,202.5290037
470,96.88374783,130.2574962,37.09676623,93.8999979,107.8099976,59.7869816,133.9805141
471,96.61499784,118.6475889,36.9955042,93.7599979,123.8899972,59.61949364,133.610502
472,95.18187287,109.019861,36.45547658,91.42999796,127.7999971,58.72639629,131.6373495
473,103.4981227,96.84361674,39.5794785,102.7899977,105.0999977,63.91864418,143.0776012
474,105.1293727,95.99411133,40.18654004,103.3099977,107.0199976,64.94283261,145.3159127
475,101.2924977,95.99411133,38.75857949,98.5299978,109.0999976,62.53391824,140.0510772
476,96.01312285,107.3208501,36.76873565,93.65999791,106.5199976,59.24438721,132.7818585
477,93.68812291,135.6376971,35.89261308,90.40999798,108.0799976,57.79550982,129.580736
478,104.3499977,138.7525503,39.89649728,91.52999795,183.6299959,64.45350039,144.2464949
479,95.49874787,151.7782999,36.57488257,88.61999802,114.7899974,58.9238653,132.0736304
480,99.67874777,147.5307729,38.14997911,86.72999806,173.7699961,61.52876866,137.8287269
481,90.67187297,150.0792891,34.75601822,85.0099981,113.7699975,55.91585475,125.4278912
482,100.1306228,144.1327512,38.32026288,83.45999813,204.5399954,61.81035988,138.4508856
483,87.61374804,139.0357188,33.66942033,85.0799981,94.62999788,53.94432771,121.2831684
484,101.4618727,152.6278053,38.82169947,83.42999814,141.1199968,62.64017326,140.2835722
485,109.8106225,155.45949,42.36067146,96.77999784,132.449997,67.44995108,152.171294
486,101.3018727,144.1327512,38.762137,71.4999984,168.7999962,62.53973574,140.0640097
487,96.09624785,128.2753169,36.80005059,93.03999792,115.7599974,59.29619727,132.8962984
488,97.00374783,123.7446214,37.14197531,91.68999795,131.2799971,59.86177252,134.1457231
489,93.37499791,117.514915,35.77462941,88.06999803,114.5299974,57.6003685,129.1496273
490,89.324998,112.7010511,34.24848452,86.34999807,97.72999782,55.07651348,123.5734825
491,92.89312292,110.1525348,35.59301853,89.05999801,99.20999778,57.30010439,128.4861415
492,106.6212476,111.0020402,40.73465258,90.07999799,156.3999965,65.88659504,147.3559002
493,103.4156227,125.7268007,39.54877019,94.75999788,156.4999965,63.8668525,142.9643929
494,100.7499977,118.3644205,38.55368033,97.76999781,103.6799977,62.19631742,139.3036781
495,97.34374782,94.57826898,37.27012083,92.84999792,136.299997,60.07362699,134.6138687
496,91.70624795,88.34856264,35.14579788,89.96999799,93.63999791,56.56045007,126.8520458
497,91.11124796,84.38420406,34.92160663,89.73999799,94.67999788,56.18964133,126.0328546
498,89.95749799,75.32281302,34.48682353,88.48999802,95.14999787,55.47067446,124.4443215
499,89.648123,71.35845444,34.37026218,88.29999803,92.55999793,55.27786082,124.0183852
500,91.78374795,70.22578056,35.17500162,87.15999805,131.5199971,56.60874633,126.9587496
501,97.40312282,70.7921175,37.29248717,88.95999801,101.3499977,60.11063565,134.69561
502,100.6131228,65.97825351,38.50206569,96.62999784,119.3599973,62.11105706,139.1151884
503,97.88249781,62.86340034,37.47312129,95.20999787,102.2999977,60.40937653,135.3556191
504,91.95812294,62.58023187,35.24071604,89.359998,94.76999788,56.7174069,127.198839
505,86.71437306,68.80993821,33.40765938,84.73999811,90.44999798,53.30671368,120.1220324
506,82.94562315,82.1188563,32.30993658,81.79999817,84.02999812,50.63568656,115.2555597
507,80.3256232,82.96836171,31.54877141,79.16999823,81.40999818,48.77685179,111.8743946
508,78.39687325,80.70301395,30.97913221,77.37999827,79.72999822,47.41774104,109.3760055
509,77.29687327,96.84361674,30.63391045,76.45999829,77.96999826,46.66296282,107.9307837
510,75.41937331,88.34856264,30.04467413,74.84999833,76.32999829,45.37469919,105.4640474
511,74.09437334,81.55251936,29.62861419,73.47999836,74.53999833,44.46575916,103.7229875
512,75.49124831,91.18024734,30.06721526,73.92999835,79.22999823,45.42403305,105.5584636
513,73.38812336,88.91489958,29.40682888,72.41999838,74.52999833,43.98129448,102.7949522
514,73.99437335,87.7822257,29.59721357,71.5899984,91.39999796,44.39715978,103.5915869
515,88.49687302,72.49112832,33.93643871,82.70999815,104.4599977,54.56043431,122.4333117
516,85.71312308,66.82775892,33.11592698,80.4699982,96.76999784,52.5971961,118.8290501
517,87.99937303,66.26142198,33.78152966,76.71999829,135.269997,54.21784337,121.7809027
518,76.43124829,63.71290575,30.36224127,73.66999835,86.15999807,46.06900702,106.7934896
519,85.94374808,73.05746526,33.18319052,80.3699982,96.99999783,52.76055755,119.1269386
520,85.68937308,79.2871716,33.10899019,74.88999833,132.299997,52.58038289,118.7983633
521,73.45437336,88.63173111,29.42762896,71.7999984,74.98999832,44.02674439,102.8820023
522,75.11562332,88.34856264,29.94931042,72.00999839,86.76999806,45.1663129,105.0649337
523,72.35874838,72.77429679,29.08359647,70.96999841,77.28999827,43.27515191,101.4423449
524,84.23312312,64.56241116,32.68435866,70.40999843,201.5899955,51.54876446,116.9174818
525,73.71062335,69.65944362,29.5081149,70.94999841,80.05999821,44.20250845,103.2187383
526,70.64999842,73.90697067,28.54256637,69.43999845,73.10999837,42.10743205,99.19256479
527,72.83124837,94.86143745,29.23198685,68.59999847,79.32999823,43.59926152,102.0632352
528,78.01624826,94.57826898,30.85967138,76.1499983,82.20999816,47.15657687,108.8759196
529,78.54499824,99.67530144,31.02441326,75.49999831,84.46999811,47.52058499,109.5694115
530,76.70499829,76.17231843,30.44816285,75.15999832,81.07999819,46.25683543,107.1531611
531,81.76687317,82.68519324,31.96749091,79.60999822,83.60999813,49.79938226,113.7343641
532,79.75999822,105.6218393,31.38364568,74.80999833,85.40999809,48.37635253,111.1436439
533,75.55124831,117.2317466,30.08607209,71.25999841,83.63999813,45.46517622,105.6373204
534,76.37749829,100.8079753,30.34537226,70.87999842,86.57999806,46.03212603,106.7228706
535,78.23437325,114.4000619,30.92813447,74.94999832,85.92999808,47.30623878,109.1625077
536,78.05062326,122.895116,30.87045357,72.59999838,94.94999788,47.18016969,108.9210768
537,71.34812341,114.9663988,28.76511082,68.59999847,77.23999827,42.58301258,100.1132342
538,76.86499828,120.0634313,30.49837232,72.16999839,80.4999982,46.36662597,107.3633706
539,83.06999814,158.5743432,32.34605655,81.94999817,83.87999813,50.72394159,115.4160547
540,75.8756233,94.29510051,30.18786877,70.97999841,86.33999807,45.68775453,106.0634921
541,93.7493729,61.73072646,35.9156923,90.37999798,102.5999977,57.8336806,129.6650652
542,98.3824978,62.58023187,37.66153187,92.71999793,106.2399976,60.72096594,136.0440297
543,94.38999789,101.3743123,36.15708157,88.67999802,101.3399977,58.23291632,130.5470795
544,94.63437288,105.0555024,36.24917567,91.89999795,98.5299978,58.38519722,130.8835486
545,94.24562289,99.1089645,36.10271826,89.82999799,103.5099977,58.14290463,130.3483412
546,113.1918725,93.4455951,46.13164544,90.75999797,205.8499954,67.06022703,159.3235179
547,94.1387479,101.6574807,36.06241703,88.80999801,108.9799976,58.07633087,130.2011649
548,99.69874777,49.27131378,38.15753967,94.39999789,110.0299975,61.54120811,137.8562874
549,96.46312284,50.12081919,36.9382894,89.10999801,108.0399976,59.52483344,133.4014122
550,88.88937301,95.42777439,34.08434585,82.91999815,95.29999787,54.80502717,122.9737189
551,94.98437288,89.19806805,36.38106033,84.40999811,145.3199968,58.60331254,131.3654332
552,89.420623,110.4357033,34.28452909,86.99999806,92.91999792,55.13609391,123.7051521
553,90.93312297,88.63173111,34.85447675,87.68999804,99.53999778,56.07864622,125.7875997
554,86.03062308,61.44755799,33.20854202,73.28999836,91.95999794,52.82208106,119.2391651
555,77.53874827,40.77625968,30.70983812,71.24999841,90.24999798,46.82891014,108.2485864
556,80.3074982,35.96239569,31.54353112,78.41999825,84.34999811,48.76396709,111.8510293
557,77.05874828,75.60598149,30.55916861,75.39999831,78.40999825,46.49957967,107.6179169
558,75.14374832,82.96836171,29.95812535,72.92999837,79.28999823,45.18562297,105.1018737
559,72.78187337,163.3882072,29.21647847,70.29999843,80.01999821,43.56539491,101.9983518
560,70.65874842,209.8278363,28.54536474,68.02999848,91.11999796,42.11338368,99.20411316
561,69.30562345,172.1664298,28.11401062,66.19999852,79.64999822,41.19161283,97.41963407
562,66.26999852,92.59608969,27.12590039,64.28999856,70.29999843,39.14409813,93.39589891
563,64.56499856,60.88122105,26.56174138,63.01999859,66.9999985,38.00325717,91.12673994
564,67.50374849,101.6574807,27.5284946,62.7999986,77.69999826,39.97525389,95.03224309
565,76.86249828,111.2852087,30.49757719,65.41999854,97.88999781,46.36492109,107.3600755
566,81.32624818,113.5505565,31.83946535,63.35999858,144.4799968,49.48678283,113.1657135
567,69.38249845,183.776337,28.13849159,66.9299985,75.9999983,41.24400686,97.52099004
568,72.43124838,268.4437096,29.10638094,66.71999851,88.42999802,43.32486744,101.5376293
569,84.22499812,162.5387018,32.68201441,71.4499984,117.4799974,51.54298371,116.9070125
570,92.76562293,114.9663988,35.54500937,90.07999799,106.7899976,57.22061355,128.3106323
571,107.3018726,191.7050542,40.98032251,89.439998,139.3099969,66.32155009,148.2821951
572,126.6481222,175.5644514,61.02075607,86.42999807,247.0299945,65.6273661,187.6688782
573,113.5499975,122.0456106,46.5171136,85.1399981,150.7899966,67.03288387,160.0671111
574,99.86937277,123.1782845,38.22182149,80.3199982,123.9899972,61.64755128,138.0911943
575,92.33374794,68.80993821,35.38226217,80.07999821,122.2199973,56.95148577,127.7160101
576,80.5449982,130.8238331,31.61251172,77.33999827,85.51999809,48.93248648,112.1575099
577,114.2799974,125.4436322,47.30283171,88.77999802,134.929997,66.97716574,161.5828292
578,115.4074974,140.7347296,48.51870954,112.6999975,124.7899972,66.88878788,163.926207
579,112.7943725,195.3862443,45.70370317,110.3899975,114.9599974,67.09066931,158.4980756
580,113.9206225,160.5565225,46.91604406,109.9499975,122.2199973,67.0045784,160.8366665
581,119.0818723,154.6099846,52.51289457,109.2699976,125.5399972,66.56897777,171.5947669
582,120.5181223,108.7366925,54.09607947,119.6499973,121.6599973,66.42204284,174.6142018
583,117.2374974,107.3208501,50.50230891,115.9999974,118.7299973,66.73518847,167.7398063
584,116.9337474,188.3070326,50.17306507,112.2299975,138.0999969,66.76068232,167.1068125
585,121.0231223,256.8338023,54.66819316,107.4899976,158.2899965,66.35492913,175.6913155
586,106.7962476,278.6377745,40.79799533,102.8299977,138.9399969,65.99825228,147.5942429
587,169.2037462,211.2436786,108.7101766,101.4399977,358.709992,60.49356957,277.9139229
588,189.9781208,203.8812984,130.4088008,116.7699974,362.4299919,59.56931991,320.3869216
589,99.58749777,175.2812829,38.11561048,87.99999803,188.1199958,61.47188729,137.7031083
590,108.3037476,66.54459045,41.33933559,90.30999798,142.6199968,66.96441199,149.6430832
591,91.38624796,56.633694,35.02521977,85.43999809,114.6499974,56.36102819,126.4114677
592,120.9606223,101.3743123,54.59746808,87.61999804,157.8599965,66.36315422,175.5580904
593,149.9056216,107.6040186,88.02167773,132.599997,345.3899923,61.88394392,237.9272994
594,139.9062469,109.5861979,76.37523472,135.719997,169.7499962,63.53101215,216.2814816
595,135.908122,114.4000619,70.85476428,71.6599984,157.9199965,65.05335768,206.7628862
596,113.1899975,98.82579603,46.12959936,71.7199984,326.1499927,67.06039811,159.3195968
597,129.9624971,74.19013914,64.24074203,126.2799972,142.3799968,65.72175507,194.2032391
598,148.1581217,75.88914996,86.10183924,121.0099973,314.419993,62.05628244,234.2599609
599,132.574997,111.8515457,67.00503856,115.9299974,198.3599956,65.56995848,199.5800356
600,138.8568719,209.8278363,74.79285181,112.4999975,257.5399942,64.06402009,213.6497237
601,121.2593723,413.4259662,54.93563309,111.1699975,139.0899969,66.3237392,176.1950054
602,109.7868725,535.1884083,42.33387023,102.3499977,135.909997,67.45300231,152.1207428
603,103.2574977,433.2477591,39.48993087,98.4099978,122.1199973,63.76756682,142.7474286
604,108.2481226,336.9704793,41.31910786,97.29999783,138.6599969,66.92901472,149.5672304
605,98.6124978,209.2614993,37.7482143,95.02999788,109.2099976,60.86428349,136.3607121
606,106.4649976,211.2436786,40.67808211,92.49999793,155.3399965,65.78691551,147.1430797
607,150.6168716,222.8535859,88.79899561,109.9399975,312.729993,61.81787602,239.4158672
608,205.6887454,219.1723958,141.3283205,108.7799976,453.3299899,64.3604249,347.0170659
609,221.71937,210.9605101,141.9106817,106.3099976,655.5699853,79.80868832,363.6300518
610,143.2637468,211.2436786,80.5982995,108.5699976,183.3299959,62.66544729,223.8620463
611,199.0762456,108.1703555,138.7602967,174.8999961,216.6699952,60.31594885,337.8365423
612,210.1099953,72.77429679,141.6371036,207.3899954,212.9599952,68.47289175,351.7470989
613,193.0912457,131.3901701,133.8110489,189.3699958,196.9299956,59.28019682,326.9022945
614,183.4343709,144.9822566,123.0679649,178.879996,193.3899957,60.36640599,306.5023358
615,173.9124961,132.8060124,113.5172889,169.1699962,181.2999959,60.39520725,287.429785
616,164.2881213,106.7545132,103.4768495,160.6799964,167.7299963,60.81127183,267.7649708
617,157.0437465,122.6119475,95.73978722,153.4799966,160.3599964,61.30395927,252.7835337
618,149.6668717,143.2832458,87.7594164,145.9099967,155.7099965,61.90745525,237.4262881
619,144.4656218,169.3347451,81.95115149,140.3899969,150.3599966,62.51447028,226.4167733
620,139.6468719,119.7802628,75.9993732,134.149997,147.1499967,63.64749868,215.6462451
621,134.076872,139.3188872,68.73750836,129.8299971,141.0499968,65.33936365,202.8143804
622,141.0956218,153.4773107,78.04225057,131.5499971,153.6299966,63.05337127,219.1378724
623,127.9818721,136.4872025,62.31655777,123.6699972,131.3899971,65.66531437,190.2984299
624,132.806872,57.76636788,67.27250934,131.2799971,134.789997,65.5343627,200.0793814
625,128.8718721,165.087218,63.18115443,127.2199972,130.5699971,65.69071769,192.0530265
626,125.7068722,157.7248378,59.97023016,123.9499972,126.7599972,65.73664203,185.6771024
627,119.5899973,147.2476044,53.06819752,71.94999839,128.1099971,66.52179981,172.6581948
628,94.99562288,134.7881917,36.38529301,71.7399984,120.9499973,58.61032987,131.3809159
629,114.9612474,141.584235,48.03618461,111.7299975,120.1299973,66.92506282,162.997432
630,111.6137475,69.09310668,44.39779788,108.2799976,121.5099973,67.21594962,156.0115454
631,108.9224976,79.2871716,41.56458586,106.1299976,112.3299975,67.3579117,150.4870834
632,108.3756226,176.4139568,41.36550277,104.7599977,114.3799974,67.0101198,149.7411254
633,109.6974975,179.8119785,42.23110706,105.2399976,115.5499974,67.46639049,151.9286046
634,109.6137475,172.7327667,42.1300438,99.81999777,121.5699973,67.48370375,151.7437914
635,100.8349977,148.9466152,38.58579725,97.37999782,105.6299976,62.2492005,139.420795
636,98.3618728,157.4416693,37.65376225,92.72999793,105.2399976,60.70811055,136.0156351
637,105.3112476,122.6119475,40.25421485,101.2399977,114.7699974,65.05703279,145.5654625
638,108.7299976,127.70898,41.49451539,100.5899978,125.4499972,67.23548218,150.224513
639,109.2249976,167.3525658,41.67472795,104.3399977,122.4099973,67.55026961,150.8997255
640,108.8893726,183.776337,41.55250475,105.2999976,112.7299975,67.33686782,150.4418773
641,130.0399971,168.7684081,64.31600481,114.2699974,141.5299968,65.72399228,194.3560019
642,137.3249969,204.1644669,72.45455086,129.4499971,143.5999968,64.87044607,209.7795478
643,137.0774969,243.8080527,72.17591405,130.6899971,142.2299968,64.90158289,209.253411
644,132.048122,182.0773262,66.39728129,128.4499971,134.559997,65.65084076,198.4454033
645,133.389372,308.6536323,67.94446617,127.8699971,152.3799966,65.44490584,201.3338382
646,149.7306217,455.9012367,87.82943547,143.5499968,164.3899963,61.90118619,237.5600571
647,148.9593717,447.4061826,86.98212594,143.5699968,161.7099964,61.97724573,235.9414976
648,149.3924967,390.7724886,87.45801568,141.0899968,165.5099963,61.93448098,236.8505123
649,144.7387468,325.6437405,82.25856364,137.2099969,166.2099963,62.48018313,226.9973104
650,145.5843717,311.485317,83.20799202,137.3399969,168.6999962,62.37637973,228.7923638
651,143.9924968,213.5090264,81.41862959,133.209997,158.8799964,62.57386719,225.4111264
652,146.5118717,163.9545441,84.24932599,131.4999971,183.0199959,62.26254573,230.7611977
653,143.5518718,202.4654561,80.92262179,128.7099971,177.039996,62.62925,224.4744936
654,138.1981219,190.8555488,73.77350718,131.2899971,147.9199967,64.42461473,211.9716291
655,165.9449963,201.3327822,105.2698517,135.019997,194.5999957,60.67514461,271.214848
656,192.3224957,396.435858,133.0709785,183.6999959,207.3999954,59.25151718,325.3934742
657,187.3262458,433.2477591,127.2480381,176.879996,216.5799952,60.07820776,314.5742839
658,186.7024958,314.3170017,126.5045404,177.429996,225.169995,60.19795538,313.2070363
659,188.8487458,193.1208965,129.0626937,175.2099961,215.4199952,59.78605206,317.9114395
660,193.7106207,224.2694282,134.4073796,174.4899961,284.4299936,59.30324104,328.1180003
661,186.8381208,261.3644978,126.6661841,166.6599963,244.4799945,60.17193676,313.5043049
662,178.416246,252.8694437,118.0446881,160.7199964,212.8099952,60.37155791,296.4609341
663,187.5262458,175.5644514,127.4863291,158.5399965,221.969995,60.03991673,315.0125749
664,190.2706207,178.962473,130.7437682,160.6399964,242.6099946,59.52685253,321.014389
665,195.5974956,253.1526122,136.2239134,165.4799963,229.9599949,59.3735822,331.8214091
666,217.7643701,244.6575581,142.054956,211.8099953,227.6599949,75.70941417,359.8193261
667,219.3737451,214.9248687,142.0201898,210.3199953,231.3399948,77.35355533,361.3939349
668,228.6443699,203.031793,142.4300224,206.9099954,256.0599943,86.21434753,371.0743922
669,231.3512448,197.3684236,142.3969424,205.6499954,288.9399935,88.95430245,373.7481872
670,218.5699951,195.9525812,142.038272,76.32999829,260.3699942,76.53172309,360.6082671
671,181.4449959,199.0674344,121.0744196,73.14999836,246.6799945,60.37057633,302.5194156
672,198.2418706,124.5941268,138.3163011,185.7199958,213.6999952,59.92556946,336.5581717
673,196.6499956,131.3901701,137.2362596,184.1799959,210.8599953,59.41373602,333.8862552
674,210.1512453,158.2911747,141.6399413,205.6799954,220.7099951,68.51130397,351.7911866
675,209.3031203,151.7782999,141.5813899,199.7799955,218.3399951,67.72173042,350.8845102
676,208.4256203,153.4773107,141.5207821,199.5299955,221.549995,66.90483823,349.9464025
677,204.1468704,154.6099846,141.2114781,194.6799956,215.8599952,62.93539232,345.3583486
678,196.9237456,131.3901701,137.4995011,189.9799958,210.0399953,59.42424449,334.4232467
679,187.0856208,97.69312215,126.9611621,179.499996,193.7999957,60.12445873,314.0467829
680,180.700621,106.4713447,120.3298116,176.4499961,187.5799958,60.37080939,301.0304325
681,178.176871,158.0080063,117.8051633,171.4499962,183.9099959,60.37170775,295.9820343
682,174.8906211,156.3089954,114.5120737,167.9299962,187.2399958,60.3785474,289.4026948
683,171.8518712,119.7802628,111.4215904,165.6199963,177.949996,60.43028071,283.2734616
684,169.3874962,90.89707887,108.899259,163.8899963,178.109996,60.48823724,278.2867552
685,171.1537462,92.87925816,110.7115978,161.0599964,230.0199949,60.44214837,281.865344
686,171.7731212,90.89707887,111.3414815,162.0299964,208.9399953,60.43163965,283.1146027
687,171.0362462,88.34856264,110.5920821,154.4599965,203.0499955,60.44416403,281.6283283
688,184.2362459,168.7684081,123.8722485,159.6499964,252.9299943,60.36399735,308.1084944
689,192.8518707,286.0001547,133.5806268,159.6699964,227.8999949,59.27124384,326.4324975
690,181.8281209,288.8318394,121.4576292,156.7999965,212.8199952,60.37049173,303.2857501
691,166.1568713,302.9902629,105.4969972,154.4899965,186.9999958,60.65987405,271.6538685
692,177.358121,275.2397528,116.9851142,152.4799966,205.3399954,60.37300682,294.3432353
693,182.8131209,164.8040495,122.4448466,166.2299963,221.879995,60.36827428,305.2579675
694,165.6218713,168.7684081,104.9234647,154.5099965,186.1999958,60.69840664,270.545336
695,170.3231212,206.1466462,109.8618275,154.9399965,185.3099959,60.4612937,280.1849487
696,164.0393713,182.3604947,103.2056087,146.2799967,192.9199957,60.83376261,267.2449801
697,168.4699962,148.9466152,107.9547247,136.289997,199.2999955,60.51527151,276.424721
698,187.5168708,142.1505719,127.4751836,156.3299965,215.5099952,60.0416872,314.9920544
699,190.3406207,140.7347296,130.8233768,180.829996,205.3599954,59.51724397,321.1639975
700,188.3937458,136.4872025,128.5203767,175.9899961,205.3999954,59.87336911,316.9141225
701,202.0724955,152.9109738,140.3510147,175.5899961,241.7499946,61.72148075,342.4235102
702,211.8362453,158.5743432,141.7563862,189.5499958,228.3599949,70.0798591,353.5926314
703,190.3212457,157.7248378,130.8013463,171.7599962,206.8299954,59.51989944,321.122592
704,211.1649953,174.714946,141.7099673,173.8099961,233.8399948,69.45502802,352.8749625
705,195.9718706,221.720912,136.58427,174.7699961,221.479995,59.38760062,332.5561406
706,204.2749954,288.8318394,141.2211841,168.2499962,238.6799947,63.0538113,345.4961796
707,196.8968706,294.4952088,137.4736321,165.8399963,256.6599943,59.4232385,334.3705027
708,240.0387446,328.4754252,141.8141562,190.6499957,339.0499924,98.22458846,381.8529008
709,258.5281192,362.4556416,142.6489562,209.2899953,367.5599918,115.879163,401.1770754
710,262.5537441,362.4556416,142.9220682,219.4499951,318.8499929,119.6316759,405.4758124
711,233.8906198,467.2279755,142.2379583,182.7499959,285.7299936,91.65266146,376.1285781
712,206.2981204,472.8913449,141.3743281,185.0199959,244.2799945,64.92379225,347.6724485
713,207.4331204,424.752705,141.4522916,183.3499959,238.9499947,65.98082876,348.885412
714,248.0649945,281.7526277,142.0724761,214.2799952,296.3799934,105.9925183,390.1374706
715,271.6224939,229.0832922,143.7250632,223.599995,317.7899929,127.8974307,415.3475571
716,313.623118,216.907048,145.0349921,270.9499939,366.0699918,168.5881259,458.6581101
717,317.4737429,213.7921949,145.0862229,270.369994,362.1899919,172.38752,462.5599658
718,335.8106175,297.3268935,145.1090896,310.0999931,365.5599918,190.7015279,480.9197071
719,281.5587437,345.4655334,144.5375723,257.0199943,306.6099931,137.0211714,426.096316
720,285.0181186,319.9803711,144.7074962,259.6899942,320.1199928,140.3106225,429.7256148
721,280.5443687,368.119011,144.4691503,261.6899942,314.429993,136.0752184,425.013519
722,278.5462438,475.7230296,144.3033254,258.0399942,316.4599929,134.2429184,422.8495692
723,259.3537442,481.386399,142.6833522,74.20999834,318.5699929,116.670392,402.0370964
724,150.7343716,433.2477591,88.92736733,72.54999838,412.5599908,61.8070043,239.661739
725,370.6274917,273.540742,145.5929375,336.2199925,419.3999906,225.0345542,516.2204292
726,396.4024911,210.1110047,144.6698511,334.7299925,459.6099897,251.7326401,541.0723422
727,391.4281163,188.3070326,144.8854399,331.6999926,458.1199898,246.5426764,536.3135561
728,390.3231163,184.0595055,144.9334079,346.3299923,459.5099897,245.3897084,535.2565242
729,374.4806166,199.6337714,145.5122596,325.4999927,483.9599892,228.968357,519.9928762
730,315.271243,212.9426894,145.060299,291.5499935,362.0199919,170.2109439,460.331542
731,314.034368,168.4852397,145.0423402,297.7099933,329.5199926,168.9920278,459.0767081
732,296.7406184,147.8139413,144.7197795,281.8599937,324.6399927,152.0208389,441.4603979
733,267.590619,136.770371,143.3515871,256.4899943,288.3999936,124.239032,410.9422061
734,246.7868695,111.8515457,141.995061,237.8799947,260.7699942,104.7918084,388.7819305
735,231.1293698,107.3208501,142.407608,223.989995,239.9499946,88.7217618,373.5369779
736,218.3124951,180.6614839,142.0435911,209.5799953,225.179995,76.26890398,360.3560863
737,204.6112454,353.9605875,141.2466419,199.9499955,211.2399953,63.36460355,345.8578873
738,196.9318706,529.5250389,137.5073016,190.3399957,201.5899955,59.42456903,334.4391722
739,189.2193708,671.1092739,129.5044273,178.169996,205.2599954,59.71494346,318.7237981
740,176.963746,625.8023187,116.5901148,170.4699962,187.4899958,60.37363121,293.5538609
741,176.4812461,580.4953635,116.1071306,165.5299963,201.8999955,60.37411541,292.5883767
742,176.4662461,586.1587329,116.0921603,163.3399963,204.6099954,60.37408571,292.5584064
743,180.076246,475.7230296,119.7052127,164.0099963,215.2999952,60.37103326,299.7814587
744,182.4106209,286.0001547,122.0411831,163.9999963,206.9499954,60.36943781,304.451804
745,188.3718708,336.9704793,128.4942883,161.9199964,223.019995,59.87758246,316.8661591
746,203.7668704,954.2777439,141.1826754,166.5299963,273.3299939,62.58419508,344.9495458
747,232.7643698,979.7629062,142.3248053,207.2699954,264.7499941,90.43956454,375.0891751
748,265.4693691,906.139104,143.155095,238.0799947,296.7599934,122.3142741,408.624464
749,291.2787435,883.4856264,144.711979,258.7299942,323.3799928,146.5667645,435.9907225
750,290.0887435,860.8321488,144.7340643,248.2699945,376.0199916,145.3546792,434.8228079
751,316.1812429,931.6242663,145.0710195,262.9499941,397.7999911,171.1102234,461.2522625
752,309.6731181,894.8123652,144.9605244,251.3499944,403.999991,164.7125936,454.6336425
753,325.1956177,829.6836171,144.9979228,246.1799945,403.189991,180.197695,470.1935405
754,285.1287436,809.8618242,144.7116911,224.129995,399.4099911,140.4170525,429.8404348
755,460.1374897,770.2182384,144.9250454,392.6999912,536.369988,315.2124443,605.0625351
756,417.2468657,625.8023187,144.3808639,373.3299917,480.5699893,272.8660018,561.6277296
757,384.2874914,478.5547143,145.1659822,342.6899923,427.5499904,239.1215092,529.4534737
758,371.7874917,433.2477591,145.5790639,335.4799925,407.5399909,226.2084278,517.3665556
759,346.1543673,413.4259662,145.3175634,321.1399928,368.3899918,200.8368038,491.4719307
760,354.7762421,373.7823804,145.462715,315.8299929,443.6499901,209.313527,500.2389571
761,361.1662419,342.6338487,145.577693,344.3499923,383.7799914,215.5885489,506.7439349
762,386.9906164,328.4754252,145.0708002,325.2199927,704.4399843,241.9198162,532.0614165
763,326.3137427,308.6536323,145.0078619,302.7699932,405.6299909,181.3058809,471.3216046
764,328.7762427,257.6833077,145.034197,280.7599937,504.0499887,183.7420457,473.8104396
765,338.6893674,199.3506029,145.1605672,275.9299938,476.7299893,193.5288003,483.8499346
766,383.5824914,141.3010665,145.1907957,294.7999934,528.1399882,238.3916958,528.7732871
767,386.7581164,134.7881917,145.079053,257.2099943,612.7599863,241.6790633,531.8371694
768,343.6281173,111.0020402,145.2643996,263.3999941,813.5199818,198.3637177,488.892517
769,310.4824931,107.3208501,144.9757689,242.6999946,433.8699903,165.5067241,455.458262
770,267.612494,147.2476044,143.3535886,200.3399955,387.4399913,124.2589054,410.9660826
771,236.3431197,144.6990882,142.0476079,191.8199957,384.4199914,94.29551182,378.3907276
772,188.3212458,129.9743277,128.4339821,183.8399959,196.7699956,59.88726366,316.7552279
773,173.7631211,136.2040341,113.365365,72.05999839,200.1199955,60.39775615,287.1284861
774,126.4018722,129.4079908,60.75697988,71.5999984,293.2499934,65.64489229,187.1588521
775,282.3168687,170.1842505,144.5747513,261.5999942,359.569992,137.7421174,426.8916199
776,279.6674937,174.714946,144.3963963,238.3299947,580.479987,135.2710975,424.06389
777,316.3618679,194.2535704,145.0731444,228.6599949,565.8799874,171.2887235,461.4350124
778,325.2381177,158.8575117,144.9982381,208.6599953,451.8299899,180.2398796,470.2363558
779,312.976243,147.2476044,145.0227773,197.1999956,462.0899897,167.9534657,457.9990203
780,158.6474965,106.7545132,97.42679089,146.6699967,217.4399951,61.22070556,256.0742873
781,137.3849969,74.19013914,72.52812743,134.189997,153.4599966,64.8568695,209.9131244
782,136.8087469,95.99411133,71.87339604,131.5799971,172.0799962,64.9353509,208.682143
783,135.898747,114.6832304,70.84395468,128.0799971,169.6099962,65.05479228,206.7427016
784,141.7962468,149.2297837,78.87060046,124.9199972,233.9199948,62.92564637,220.6668473
785,130.2012471,160.5565225,64.47267205,121.9199973,181.089996,65.72857504,194.6739191
786,122.1812473,112.4178826,55.9791708,118.6099973,129.2599971,66.20207647,178.1604181
787,128.7162471,110.7188718,63.02994341,116.5499974,201.0399955,65.68630372,191.7461905
788,126.1018722,136.2040341,60.41741312,118.7099973,152.3499966,65.68445907,186.5192853
789,124.8824972,144.9822566,59.03701961,115.9899974,176.829996,65.8454776,183.9195168
790,140.1506219,175.8476199,76.72930568,114.6799974,224.839995,63.42131618,216.8799276
791,117.8512474,191.1387173,51.16805896,110.7399975,149.5099967,66.6831884,169.0193063
792,110.4981225,193.1208965,43.13741699,107.8999976,118.3499974,67.36070554,153.6355395
793,108.7543726,121.7624421,41.50339201,106.5299976,111.8399975,67.25098056,150.2577646
794,110.1149975,114.4000619,42.70457029,106.3099976,117.9999974,67.41042725,152.8195678
795,109.3306226,173.2991036,41.78844467,104.0199977,126.5599972,67.54217789,151.1190672
796,111.9874975,139.8852242,44.82007146,107.0699976,125.9299972,67.16742604,156.807569
797,107.0856226,101.9406492,40.90271547,105.6599976,108.1999976,66.18290713,147.9883381
798,108.0481226,82.96836171,41.24628186,106.7599976,111.9799975,66.80184072,149.2944044
799,107.5718726,100.8079753,41.07632712,106.4799976,108.7499976,66.49554548,148.6481997
800,111.7843725,263.0635086,44.59056795,108.7999976,122.9499973,67.19380455,156.3749404
801,114.8343724,268.4437096,47.89958745,108.0499976,161.4199964,66.93478498,162.7339599
802,116.2318724,250.037759,49.41230088,109.6099976,152.7399966,66.81957152,165.6441733
803,131.0012471,319.9803711,65.2751255,108.1399976,240.7199946,65.72612157,196.2763726
804,201.2187455,302.9902629,139.8993695,106.8699976,372.8099917,61.31937602,341.118115
805,183.6774959,260.7981609,123.3118629,104.5399977,273.0799939,60.36563295,306.9893588
806,128.0924971,235.596167,62.4240163,99.72999777,226.1899949,65.66848084,190.5165134
807,152.3499966,145.8317621,90.69209456,119.0099973,213.9799952,61.65790203,243.0420912
808,124.7881222,137.336708,58.9301917,108.0599976,179.029996,65.85793052,183.7183139
809,114.3656224,163.6713757,47.39505261,96.17999785,174.3999961,66.97056983,161.7606751
810,122.7537473,177.5466307,56.62728757,100.0799978,150.9499966,66.12645969,179.3810348
811,132.588122,117.2317466,67.02017337,127.3199972,144.2899968,65.56794867,199.6082954
812,132.633747,72.77429679,67.07278192,122.4799973,195.6899956,65.56096511,199.706529
813,137.1693719,68.52676974,72.27934211,118.6899973,247.1699945,64.89002982,209.448714
814,132.608747,91.18024734,67.0439586,116.5399974,203.9199954,65.56478843,199.6527056
815,122.5712473,99.39213297,56.42070562,112.9799975,154.4299965,66.15054164,178.9919529
816,115.7331224,121.7624421,48.8717249,110.4399975,140.2599969,66.86139751,164.6048473
817,123.8862472,111.8515457,57.9093048,108.5099976,263.9499941,65.97694243,181.795552
818,130.7231221,103.9228285,64.97961968,105.3999976,358.359992,65.7435024,195.7027418
819,107.0668726,95.14460592,40.89593634,105.1099977,110.3099975,66.17093627,147.9628089
820,113.1399975,109.8693664,46.07577413,106.0799976,138.1499969,67.06422334,159.2157716
821,108.5724976,131.1070016,41.43717721,101.6299977,153.0099966,67.13532036,150.0096748
822,102.3218727,175.8476199,39.14173424,98.94999779,106.1999976,63.18013847,141.463607
823,97.91062281,140.7347296,37.48375267,96.57999784,99.02999779,60.42687014,135.3943755
824,96.61999784,117.2317466,36.99740633,95.53999786,98.00999781,59.62259151,133.6174042
825,99.71499777,72.20795985,38.16366076,98.74999779,101.4299977,61.55133701,137.8786585
826,100.4587478,97.12678521,38.44390154,98.11999781,105.5799976,62.01484622,138.9026493
827,111.9818725,210.6773417,44.81372416,105.3699976,124.6099972,67.16814834,156.7955967
828,112.6668725,314.3170017,45.56658164,103.1199977,129.5599971,67.10029085,158.2334541
829,105.6874976,311.485317,40.39423585,102.7799977,111.8799975,65.29326179,146.0817335
830,101.6743727,308.6536323,38.90076995,100.1399978,103.7099977,62.77360278,140.5751427
831,106.8843726,244.3743896,40.8298552,99.57999777,141.7799968,66.05451741,147.7142278
832,99.76562277,165.087218,38.18270609,98.19999781,104.3199977,61.58291668,137.9483289
833,101.8781227,218.8892273,38.97661194,98.6099978,111.6199975,62.90151078,140.8547347
834,106.5787476,239.5605256,40.71924359,99.12999778,117.3099974,65.85950403,147.2979912
835,115.0437474,214.0753633,48.12493712,100.3799978,138.4899969,66.91881031,163.1686845
836,118.8906223,171.8832613,52.30392724,111.7599975,176.0399961,66.5866951,171.1945496
837,123.3337472,101.0911438,57.28384227,114.6699974,131.8499971,66.04990498,180.6175895
838,129.7993721,118.9307574,64.08225834,128.3999971,131.6799971,65.71711376,193.8816304
839,125.8968722,129.4079908,60.18531173,124.1099972,127.6299971,65.71156045,186.0821839
840,122.0843723,96.2772798,55.86955994,120.3299973,125.2599972,66.21481233,177.9539322
841,119.1737473,121.7624421,52.61333063,117.6199974,121.3299973,66.5604167,171.787078
842,117.7749974,76.17231843,51.08484149,114.6699974,145.0399968,66.69015588,168.8598389
843,117.5674974,71.92479138,50.85993052,113.9699975,141.5299968,66.70756686,168.4274279
844,124.0787472,102.7901546,58.12718987,111.9899975,165.2199963,65.95155735,182.2059371
845,123.4324972,87.21588876,57.39563972,108.3299976,227.7799949,66.03685752,180.828137
846,129.7124971,70.50894903,63.99787903,106.0799976,210.8399953,65.71461807,193.7103761
847,182.7699959,75.03964455,122.4015945,103.8199977,429.8899904,60.3684014,305.1715904
848,121.9943723,114.1168934,55.76763302,101.6199977,170.0699962,66.22673925,177.7620053
849,109.1512476,112.1347141,41.64787874,98.77999779,157.0199965,67.50336882,150.7991263
850,99.74999777,101.6574807,38.17684203,96.70999784,114.9799974,61.57315574,137.9268398
851,96.35624785,102.2238177,36.89801216,95.80999786,97.03999783,59.45823569,133.25426
852,96.44999784,94.01193204,36.93331301,95.57999786,97.32999782,59.51668483,133.3833109
853,95.28374787,75.32281302,36.49386883,93.8999979,96.27999785,58.78987904,131.7776167
